AA1,AA2
0.8648932998958165,0.45981047641638517
0.008115895916504745,0.6792981789342861
0.32350638174990654,0.6259964935171711
0.35751687524986464,0.35424617381453416
0.5582687364061374,0.008023025412002394
